{
    "original": {
        "accuracy": 0.84,
        "report": {
            "0": {
                "precision": 0.9201557935735151,
                "recall": 0.9642857142857143,
                "f1-score": 0.9417040358744395,
                "support": 980.0
            },
            "1": {
                "precision": 0.8821170809943866,
                "recall": 0.9691629955947136,
                "f1-score": 0.9235936188077246,
                "support": 1135.0
            },
            "2": {
                "precision": 0.9012345679012346,
                "recall": 0.8488372093023255,
                "f1-score": 0.874251497005988,
                "support": 1032.0
            },
            "3": {
                "precision": 0.9502551020408163,
                "recall": 0.7376237623762376,
                "f1-score": 0.830546265328874,
                "support": 1010.0
            },
            "4": {
                "precision": 0.6733812949640288,
                "recall": 0.9531568228105907,
                "f1-score": 0.7892074198988196,
                "support": 982.0
            },
            "5": {
                "precision": 0.9401197604790419,
                "recall": 0.7040358744394619,
                "f1-score": 0.8051282051282052,
                "support": 892.0
            },
            "6": {
                "precision": 0.8289592760180996,
                "recall": 0.9561586638830898,
                "f1-score": 0.8880271449345614,
                "support": 958.0
            },
            "7": {
                "precision": 0.8829465186680121,
                "recall": 0.8511673151750972,
                "f1-score": 0.866765725606736,
                "support": 1028.0
            },
            "8": {
                "precision": 0.7355769230769231,
                "recall": 0.7854209445585215,
                "f1-score": 0.759682224428997,
                "support": 974.0
            },
            "9": {
                "precision": 0.7912371134020618,
                "recall": 0.6085232903865213,
                "f1-score": 0.6879551820728291,
                "support": 1009.0
            },
            "accuracy": 0.84,
            "macro avg": {
                "precision": 0.8505983431118119,
                "recall": 0.8378372592812273,
                "f1-score": 0.8366861319087174,
                "support": 10000.0
            },
            "weighted avg": {
                "precision": 0.8509256727883612,
                "recall": 0.84,
                "f1-score": 0.8381246466787423,
                "support": 10000.0
            }
        },
        "history": {
            "train_loss": [
                2.306832027435303,
                2.2967175483703612,
                2.2776561975479126,
                2.1681276082992555,
                1.8192554116249084,
                1.4870757699012755,
                1.1491561889648438,
                1.0270598530769348,
                0.869037264585495,
                0.7476559221744538,
                0.6598853528499603,
                0.5958581119775772,
                0.5333383351564407,
                0.48525565266609194,
                0.4228727608919144,
                0.36589294373989106,
                0.3215831726789474,
                0.3183000311255455,
                0.2844190552830696,
                0.28993704468011855
            ],
            "train_acc": [
                0.096875,
                0.121875,
                0.1578125,
                0.303125,
                0.396875,
                0.459375,
                0.621875,
                0.6375,
                0.6984375,
                0.753125,
                0.7609375,
                0.7796875,
                0.825,
                0.8296875,
                0.8546875,
                0.875,
                0.9078125,
                0.8875,
                0.8984375,
                0.9140625
            ],
            "val_loss": [
                2.307736349105835,
                2.3033851623535155,
                2.261556529998779,
                2.0042245388031006,
                1.4694068431854248,
                1.110847544670105,
                0.9261086821556092,
                0.7845969080924988,
                0.6586883068084717,
                0.5789071798324585,
                0.5314105451107025,
                0.5329432427883148,
                0.45972234606742857,
                0.4216002583503723,
                0.4117282569408417,
                0.37225067615509033,
                0.4002410888671875,
                0.3453447073698044,
                0.3501955926418304,
                0.4324238717556
            ],
            "val_acc": [
                0.09375,
                0.14375,
                0.26875,
                0.39375,
                0.55,
                0.7125,
                0.7375,
                0.775,
                0.8,
                0.79375,
                0.80625,
                0.83125,
                0.8625,
                0.85,
                0.8625,
                0.86875,
                0.875,
                0.89375,
                0.8875,
                0.84375
            ]
        }
    },
    "vae_augmented": {
        "accuracy": 0.8552,
        "report": {
            "0": {
                "precision": 0.9530726256983241,
                "recall": 0.8704081632653061,
                "f1-score": 0.9098666666666667,
                "support": 980.0
            },
            "1": {
                "precision": 0.910472972972973,
                "recall": 0.9497797356828194,
                "f1-score": 0.9297110823630875,
                "support": 1135.0
            },
            "2": {
                "precision": 0.8218442256042973,
                "recall": 0.8895348837209303,
                "f1-score": 0.8543508608655188,
                "support": 1032.0
            },
            "3": {
                "precision": 0.9068100358422939,
                "recall": 0.7514851485148515,
                "f1-score": 0.8218733080671359,
                "support": 1010.0
            },
            "4": {
                "precision": 0.8640081799591002,
                "recall": 0.860488798370672,
                "f1-score": 0.8622448979591837,
                "support": 982.0
            },
            "5": {
                "precision": 0.8899521531100478,
                "recall": 0.8340807174887892,
                "f1-score": 0.8611111111111112,
                "support": 892.0
            },
            "6": {
                "precision": 0.8509433962264151,
                "recall": 0.941544885177453,
                "f1-score": 0.8939544103072349,
                "support": 958.0
            },
            "7": {
                "precision": 0.898471615720524,
                "recall": 0.8005836575875487,
                "f1-score": 0.8467078189300411,
                "support": 1028.0
            },
            "8": {
                "precision": 0.7380281690140845,
                "recall": 0.8069815195071869,
                "f1-score": 0.7709661598822952,
                "support": 974.0
            },
            "9": {
                "precision": 0.7589928057553957,
                "recall": 0.8364717542120912,
                "f1-score": 0.7958510136727959,
                "support": 1009.0
            },
            "accuracy": 0.8552,
            "macro avg": {
                "precision": 0.8592596179903456,
                "recall": 0.8541359263527648,
                "f1-score": 0.8546637329825071,
                "support": 10000.0
            },
            "weighted avg": {
                "precision": 0.8597208499999549,
                "recall": 0.8552,
                "f1-score": 0.855426781773911,
                "support": 10000.0
            }
        },