{
    "noisy": {
        "accuracy": 0.4963,
        "report": {
            "0": {
                "precision": 0.9467741935483871,
                "recall": 0.5989795918367347,
                "f1-score": 0.73375,
                "support": 980.0
            },
            "1": {
                "precision": 0.4706382978723404,
                "recall": 0.9744493392070485,
                "f1-score": 0.6347202295552368,
                "support": 1135.0
            },
            "2": {
                "precision": 0.6103723404255319,
                "recall": 0.44476744186046513,
                "f1-score": 0.5145739910313901,
                "support": 1032.0
            },
            "3": {
                "precision": 0.3487179487179487,
                "recall": 0.5386138613861386,
                "f1-score": 0.4233463035019455,
                "support": 1010.0
            },
            "4": {
                "precision": 1.0,
                "recall": 0.002036659877800407,
                "f1-score": 0.0040650406504065045,
                "support": 982.0
            },
            "5": {
                "precision": 0.36363636363636365,
                "recall": 0.004484304932735426,
                "f1-score": 0.008859357696566999,
                "support": 892.0
            },
            "6": {
                "precision": 0.48156301596037426,
                "recall": 0.9133611691022965,
                "f1-score": 0.6306306306306306,
                "support": 958.0
            },
            "7": {
                "precision": 0.5890756302521009,
                "recall": 0.6819066147859922,
                "f1-score": 0.6321009918845807,
                "support": 1028.0
            },
            "8": {
                "precision": 0.9090909090909091,
                "recall": 0.01026694045174538,
                "f1-score": 0.02030456852791878,
                "support": 974.0
            },
            "9": {
                "precision": 0.4001185536455246,
                "recall": 0.6689791873141725,
                "f1-score": 0.5007418397626113,
                "support": 1009.0
            },
            "accuracy": 0.4963,
            "macro avg": {
                "precision": 0.6119987253149481,
                "recall": 0.4837845110755129,
                "f1-score": 0.4103092953241288,
                "support": 10000.0
            },
            "weighted avg": {
                "precision": 0.6106567480922517,
                "recall": 0.4963,
                "f1-score": 0.4188966132678752,
                "support": 10000.0
            }
        },
        "history": {
            "train_loss": [
                2.3130887031555174,
                2.300042676925659,
                2.2873269367218017,
                2.2472355651855467,
                2.0315504026412965
            ],
            "train_acc": [
                0.10625,
                0.09875,
                0.13125,
                0.15875,
                0.35375
            ],
            "val_loss": [
                2.2986528301239013,
                2.2955530738830565,
                2.283355588912964,
                2.197692699432373,
                1.6718996715545655
            ],
            "val_acc": [
                0.11,
                0.21,
                0.11,
                0.36,
                0.47
            ]
        }
    },
    "vae_reconstructed": {
        "accuracy": 0.6149,
        "report": {
            "0": {
                "precision": 0.855,
                "recall": 0.8724489795918368,
                "f1-score": 0.8636363636363636,
                "support": 980.0
            },
            "1": {
                "precision": 0.6614552014431749,
                "recall": 0.9691629955947136,
                "f1-score": 0.7862759113652609,
                "support": 1135.0
            },
            "2": {
                "precision": 0.8266666666666667,
                "recall": 0.6007751937984496,
                "f1-score": 0.6958473625140292,
                "support": 1032.0
            },
            "3": {
                "precision": 0.6514690982776089,
                "recall": 0.6366336633663366,
                "f1-score": 0.6439659489233851,
                "support": 1010.0
            },
            "4": {
                "precision": 0.6515311510031679,
                "recall": 0.6283095723014257,
                "f1-score": 0.6397096941420425,
                "support": 982.0
            },
            "5": {
                "precision": 0.6201117318435754,
                "recall": 0.37331838565022424,
                "f1-score": 0.4660601819454164,
                "support": 892.0
            },
            "6": {
                "precision": 0.781183932346723,
                "recall": 0.7713987473903967,
                "f1-score": 0.7762605042016807,
                "support": 958.0
            },
            "7": {
                "precision": 0.3526160648489315,
                "recall": 0.9309338521400778,
                "f1-score": 0.5114911811865313,
                "support": 1028.0
            },
            "8": {
                "precision": 0.625560538116592,
                "recall": 0.2864476386036961,
                "f1-score": 0.3929577464788732,
                "support": 974.0
            },
            "9": {
                "precision": 0.6,
                "recall": 0.005946481665014866,
                "f1-score": 0.011776251226692836,
                "support": 1009.0
            },
            "accuracy": 0.6149,
            "macro avg": {
                "precision": 0.662559438454644,
                "recall": 0.6075375510102172,
                "f1-score": 0.5787981145620277,
                "support": 10000.0
            },
            "weighted avg": {
                "precision": 0.6618258183966391,
                "recall": 0.6149,
                "f1-score": 0.5815321064076221,
                "support": 10000.0
            }
        },
        "history": {
            "train_loss": [
                2.299807472229004,
                2.2744014739990233,
                2.128693084716797,
                1.7197172927856446,
                1.3827972173690797
            ],
            "train_acc": [
                0.105,
                0.17125,
                0.28875,
                0.42,
                0.55
            ],
            "val_loss": [
                2.302126703262329,
                2.257942008972168,
                1.9183681774139405,
                1.4569711303710937,
                1.2524143576622009
            ],
            "val_acc": [
                0.16,
                0.295,
                0.4,
                0.54,
                0.595
            ]
        }
    },
    "dvae_reconstructed": {
        "accuracy": 0.5972,
        "report": {
            "0": {
                "precision": 0.8969957081545065,
                "recall": 0.8530612244897959,
                "f1-score": 0.8744769874476988,
                "support": 980.0
            },
            "1": {
                "precision": 0.9899425287356322,
                "recall": 0.6070484581497797,
                "f1-score": 0.752594210813763,
                "support": 1135.0
            },
            "2": {
                "precision": 0.4017053529133112,
                "recall": 0.8217054263565892,
                "f1-score": 0.5396118358256443,
                "support": 1032.0
            },
            "3": {
                "precision": 0.32517104789341017,
                "recall": 0.8940594059405941,
                "f1-score": 0.47689463955637706,
                "support": 1010.0
            },
            "4": {
                "precision": 0.7257590597453477,
                "recall": 0.754582484725051,
                "f1-score": 0.7398901647528707,
                "support": 982.0
            },