{
    "train_loss": [
        2.293590982437134,
        2.181822744369507,
        1.6992413377761841,
        0.9856853666305542,
        0.4030419046878815
    ],
    "train_acc": [
        0.094,
        0.258,
        0.576,
        0.722,
        0.914
    ],
    "val_loss": [],
    "val_acc": []
}