{
    "train_loss": [
        2.3034796485900877,
        2.2688649501800535,
        2.088239134788513,
        1.5328742933273316,
        0.7367601363658906
    ],
    "train_acc": [
        0.114,
        0.266,
        0.378,
        0.618,
        0.798
    ],
    "val_loss": [],
    "val_acc": []
}