{
    "train_loss": [
        2.301685670852661,
        2.2300166873931886,
        1.9075293140411378,
        1.4052743921279907,
        0.997754433631897
    ],
    "train_acc": [
        0.102,
        0.242,
        0.428,
        0.558,
        0.676
    ],
    "val_loss": [],
    "val_acc": []
}