{
    "1_noisy": {
        "test_accuracy": 0.1663,
        "test_loss": 2.323360924720764
    },
    "2_vae_recon": {
        "test_accuracy": 0.2163,
        "test_loss": 2.2637965326309204
    },
    "3_dvae_recon": {
        "test_accuracy": 0.3012,
        "test_loss": 1.9006517612457274
    },
    "4_cdvae_recon": {
        "test_accuracy": 0.2952,
        "test_loss": 1.9353238624572755
    },
    "5_vae_recon_synthetic": {
        "test_accuracy": 0.3397,
        "test_loss": 1.943678246307373
    },
    "6_dvae_recon_synthetic": {
        "test_accuracy": 0.342,
        "test_loss": 1.9163936931610108
    },
    "7_cdvae_recon_synthetic": {
        "test_accuracy": 0.3507,
        "test_loss": 2.69228156375885
    }
}