{
    "original": {
        "accuracy": 0.8424,
        "report": {
            "0": {
                "precision": 0.8464951197870453,
                "recall": 0.9734693877551021,
                "f1-score": 0.9055529188419554,
                "support": 980.0
            },
            "1": {
                "precision": 0.9141666666666667,
                "recall": 0.9665198237885463,
                "f1-score": 0.9396145610278372,
                "support": 1135.0
            },
            "2": {
                "precision": 0.8991228070175439,
                "recall": 0.7945736434108527,
                "f1-score": 0.8436213991769548,
                "support": 1032.0
            },
            "3": {
                "precision": 0.8537074148296593,
                "recall": 0.8435643564356435,
                "f1-score": 0.848605577689243,
                "support": 1010.0
            },
            "4": {
                "precision": 0.7538860103626943,
                "recall": 0.8890020366598778,
                "f1-score": 0.8158878504672897,
                "support": 982.0
            },
            "5": {
                "precision": 0.9573070607553367,
                "recall": 0.6535874439461884,
                "f1-score": 0.7768154563624251,
                "support": 892.0
            },
            "6": {
                "precision": 0.8613065326633166,
                "recall": 0.894572025052192,
                "f1-score": 0.8776241679467486,
                "support": 958.0
            },
            "7": {
                "precision": 0.8974641675854466,
                "recall": 0.791828793774319,
                "f1-score": 0.841343669250646,
                "support": 1028.0
            },
            "8": {
                "precision": 0.7567298105682951,
                "recall": 0.7792607802874744,
                "f1-score": 0.7678300455235205,
                "support": 974.0
            },
            "9": {
                "precision": 0.7470210815765352,
                "recall": 0.8077304261645193,
                "f1-score": 0.7761904761904762,
                "support": 1009.0
            },
            "accuracy": 0.8424,
            "macro avg": {
                "precision": 0.848720667181254,
                "recall": 0.8394108717274715,
                "f1-score": 0.8393086122477097,
                "support": 10000.0
            },
            "weighted avg": {
                "precision": 0.8490041499621499,
                "recall": 0.8424,
                "f1-score": 0.8412442460581375,
                "support": 10000.0
            }
        },
        "history": {
            "train_loss": [
                2.300983929634094,
                2.283304524421692,
                2.250857448577881,
                2.1005651473999025,
                1.7716253995895386,
                1.4716348052024841,
                1.148841243982315,
                0.9922982394695282,
                0.8309321403503418,
                0.7109452009201049,
                0.6131343811750412,
                0.5466247737407685,
                0.4830486923456192,
                0.43087870478630064,
                0.38104902803897855,
                0.3157642692327499,
                0.3041443482041359,
                0.2578852131962776,
                0.2304399609565735,
                0.1909734547138214
            ],
            "train_acc": [
                0.140625,
                0.1484375,
                0.1625,
                0.2796875,
                0.3984375,
                0.525,
                0.61875,
                0.678125,
                0.734375,
                0.7515625,
                0.8015625,
                0.8109375,
                0.834375,
                0.8671875,
                0.8890625,
                0.9171875,
                0.896875,
                0.9234375,
                0.9234375,
                0.9453125
            ],
            "val_loss": [
                2.3099650859832765,
                2.330184268951416,
                2.2802069187164307,
                2.0290946483612062,
                1.7164442777633666,
                1.4177708625793457,
                1.2470671892166139,
                1.0805640459060668,
                0.9290313839912414,
                0.876772427558899,
                0.7934633970260621,
                0.7225621819496155,
                0.7406534194946289,
                0.662120807170868,
                0.7030383348464966,
                0.6606108665466308,
                0.6062938928604126,
                0.677022111415863,
                0.6187482953071595,
                0.7181099653244019
            ],
            "val_acc": [
                0.0875,
                0.0875,
                0.0875,
                0.3125,
                0.4625,
                0.54375,
                0.54375,
                0.6375,
                0.65,
                0.7,
                0.70625,
                0.71875,
                0.74375,
                0.7375,
                0.75625,
                0.76875,
                0.775,
                0.7625,
                0.80625,
                0.7625
            ]
        }
    },
    "vae_augmented": {
        "accuracy": 0.8467,
        "report": {
            "0": {
                "precision": 0.9274770173646578,
                "recall": 0.926530612244898,
                "f1-score": 0.927003573251659,
                "support": 980.0
            },
            "1": {
                "precision": 0.9831756046267087,
                "recall": 0.8237885462555066,
                "f1-score": 0.8964525407478428,
                "support": 1135.0
            },
            "2": {
                "precision": 0.8180196253345228,
                "recall": 0.8885658914728682,
                "f1-score": 0.8518346493265211,
                "support": 1032.0
            },
            "3": {
                "precision": 0.7368852459016394,
                "recall": 0.8900990099009901,
                "f1-score": 0.8062780269058296,
                "support": 1010.0
            },
            "4": {
                "precision": 0.8818474758324383,
                "recall": 0.8360488798370672,
                "f1-score": 0.858337689492943,
                "support": 982.0
            },
            "5": {
                "precision": 0.9011703511053316,
                "recall": 0.7769058295964125,
                "f1-score": 0.8344370860927153,
                "support": 892.0
            },
            "6": {
                "precision": 0.7379636937647988,
                "recall": 0.975991649269311,
                "f1-score": 0.8404494382022472,
                "support": 958.0
            },
            "7": {
                "precision": 0.9130890052356021,
                "recall": 0.8482490272373541,
                "f1-score": 0.8794755421079173,
                "support": 1028.0
            },
            "8": {
                "precision": 0.8987161198288159,
                "recall": 0.6468172484599589,
                "f1-score": 0.7522388059701492,
                "support": 974.0
            },
            "9": {
                "precision": 0.7748643761301989,
                "recall": 0.8493557978196233,
                "f1-score": 0.810401891252955,
                "support": 1009.0
            },
            "accuracy": 0.8467,
            "macro avg": {
                "precision": 0.8573208515124714,
                "recall": 0.846235249209399,
                "f1-score": 0.8456909243350779,
                "support": 10000.0
            },
            "weighted avg": {
                "precision": 0.8585912686665486,
                "recall": 0.8467,
                "f1-score": 0.8466204317065905,
                "support": 10000.0
            }
        },