{
    "1_noisy": {
        "test_accuracy": 0.1,
        "test_loss": 2.2980970806121825
    },
    "2_vae_recon": {
        "test_accuracy": 0.1001,
        "test_loss": 2.2855560707092284
    },
    "3_dvae_recon": {
        "test_accuracy": 0.2399,
        "test_loss": 1.9949503023147583
    },
    "4_cdvae_recon": {
        "test_accuracy": 0.2865,
        "test_loss": 1.9117511278152466
    },
    "5_vae_recon_synthetic": {
        "test_accuracy": 0.2629,
        "test_loss": 2.0510950298309325
    },
    "6_dvae_recon_synthetic": {
        "test_accuracy": 0.3784,
        "test_loss": 1.7784626052856445
    },
    "7_cdvae_recon_synthetic": {
        "test_accuracy": 0.4085,
        "test_loss": 1.8256334070205689
    }
}